{
  "configVersion": 1,
  "timestamp": 1757747998219,
  "index": "/index.html",
  "assetGroups": [
    {
      "name": "app",
      "installMode": "prefetch",
      "updateMode": "prefetch",
      "cacheQueryOptions": {
        "ignoreVary": true
      },
      "urls": [
        "/1033.e69984de80a3de55.js",
        "/1118.bfeeebdf8378de4d.js",
        "/1174.5e62bf18805ab222.js",
        "/1209.849f0285aef89c47.js",
        "/1212.bfe3fa7ae2d445e1.js",
        "/1217.9ebd26c43ab6c6b4.js",
        "/1403.419d354f353aa4a6.js",
        "/1450.ea087f1415676dcc.js",
        "/1460.560364468915a0fe.js",
        "/1536.1e2ba4c94c571fc4.js",
        "/1594.fca73372f4291772.js",
        "/160.fe9a61b7c7015a89.js",
        "/1650.06cde34f64747690.js",
        "/1709.6f550a08913902b2.js",
        "/1729.587ede8dd68ac1f8.js",
        "/1820.bf68995e946b30f4.js",
        "/184.a737ce97ed3cd4ee.js",
        "/1910.76892f890d8a34e5.js",
        "/2073.5d96bd40717d8fe0.js",
        "/2138.d62a360e42189400.js",
        "/2289.e7112951ebf9ab60.js",
        "/234.34110b0e8e9656ad.js",
        "/2349.1be1bc84a4035a5e.js",
        "/2363.cd62f478abf77c0c.js",
        "/2442.bef69e5b55a31f3f.js",
        "/2598.4db191ce7ec669ee.js",
        "/2615.5a14a2f7b9ebb07b.js",
        "/2630.42e4116edc1f1e08.js",
        "/2698.7a2b1ee141000e5e.js",
        "/2735.4c3a0da6f8290627.js",
        "/2746.92ea607d6200b71f.js",
        "/2753.cbfa8adfd100cbd7.js",
        "/2773.821446a00e71e612.js",
        "/2838.c6d06ce77af6ee03.js",
        "/2933.d0d9e34ba36c52fe.js",
        "/2987.d793cd6e7db1a689.js",
        "/3064.d4ed89687c6a1acd.js",
        "/317.34b22043a3a64895.js",
        "/3277.5844175db5eb7386.js",
        "/3326.c65eb7be06adf7aa.js",
        "/3510.97f592e8a5376b9c.js",
        "/3527.a5923051564299ae.js",
        "/3583.649a547f9c299162.js",
        "/3648.f213c510e83fc25b.js",
        "/3671.6e41e2a11820cc53.js",
        "/3802.256c607153c1ac1e.js",
        "/3804.64b925c08d790490.js",
        "/3822.4a4cd5d6fdc43e93.js",
        "/388.880fc0543193b768.js",
        "/4022.0c1e76b3364b138a.js",
        "/4174.14a0f01ef4672104.js",
        "/4235.275f947fd87aba42.js",
        "/4330.da69711e0a8d6130.js",
        "/4376.98dd76caa29bce75.js",
        "/438.40265591895297c9.js",
        "/443.9965e7e79eef1555.js",
        "/4432.59fcdfae9496c7ea.js",
        "/4441.3d45ef583cc103c0.js",
        "/451.558756591635aab9.js",
        "/4535.2f0fee356b722079.js",
        "/4594.408e68e99d65c36f.js",
        "/4711.c170d29fca006e24.js",
        "/4726.763e95e1dc577421.js",
        "/4753.dc53a574b6a37556.js",
        "/4811.ccbe52bcfa0f086b.js",
        "/486.0dd65fcf1ca6ec97.js",
        "/4908.e5f40d5f56058211.js",
        "/4959.173379f1a86cc58b.js",
        "/4987.ed427959a9706976.js",
        "/5158.0169447bd609352a.js",
        "/5168.e1039cc2b4f1af97.js",
        "/5169.ef74841c98852d6e.js",
        "/53.b7dfbbda223335dd.js",
        "/5319.4d90fd04b21811d5.js",
        "/5349.47beb7b23bd58832.js",
        "/5362.9e9701ed10dc537d.js",
        "/5439.3a36299e0aa44923.js",
        "/5506.30818300e4fa153f.js",
        "/5652.b55c2d2e63f26d5b.js",
        "/574.6db07f263e679b73.js",
        "/5836.1c813509924fbd8b.js",
        "/5927.f6ebcacecb522531.js",
        "/605.18a80a4cfe8d06b1.js",
        "/6070.3d7644ac6f58a22c.js",
        "/6120.1cc6b321a282c1ac.js",
        "/6489.81bafaa693437ad6.js",
        "/6495.f37574946d654241.js",
        "/6560.35f147ebc3a6f8e6.js",
        "/657.c6c3e933d64a7e3e.js",
        "/6691.3a66fa9a6776ef82.js",
        "/6708.92806419e88fe0c1.js",
        "/6869.603fc56111b9a3a2.js",
        "/7158.9878823fef3898eb.js",
        "/7183.e58cbff2f63df3ed.js",
        "/725.a7ae95f875ec6eb5.js",
        "/7329.a72b99124d682226.js",
        "/7479.417878eac0e524db.js",
        "/75.30dfcf7f25769f50.js",
        "/7544.46fa12c60fb042e6.js",
        "/7602.545ed4ece37787e2.js",
        "/7692.fbbae499fd34d2dc.js",
        "/7696.c0a8f89cb6595d53.js",
        "/7793.8a1d66789179af3f.js",
        "/7802.1efbd1a7c432736d.js",
        "/7832.93315194abce0a75.js",
        "/7929.e0ef421a3d4d0ca3.js",
        "/7943.2fca51c0e4e70e56.js",
        "/8034.0d48927756d03af6.js",
        "/811.c48c6e5beb942ee6.js",
        "/8136.31f9a8abe09315b2.js",
        "/8148.1a0a6354a75dbc0a.js",
        "/816.00e76119f51f1cb3.js",
        "/8624.e3d193471db7ecc5.js",
        "/8628.edc4a14436108695.js",
        "/8709.8560c4fbba1fea1f.js",
        "/8729.12b8d7dd44458fdf.js",
        "/8798.c28801b962e95299.js",
        "/8939.6b413f0af8621f0e.js",
        "/9016.3520fdae184b944b.js",
        "/9079.22e47b6c52b59418.js",
        "/9116.7887fd47d9436f5c.js",
        "/9289.6e4c8cff50db1a6a.js",
        "/9325.1d47a59d7e927653.js",
        "/935.c010926c59429f80.js",
        "/9434.20abd2f747d7431c.js",
        "/9536.5f3932330ff9404b.js",
        "/9600.9bd182762b7f0901.js",
        "/9654.0689795b4939894b.js",
        "/9755.42c55a49966e5cf6.js",
        "/9824.8869dcf3725b04a2.js",
        "/9830.cc2698f584de99cd.js",
        "/9922.5cb98afb79100ee7.js",
        "/9958.75d388b1910973d2.js",
        "/9972.c3e3dbf18efd82e8.js",
        "/common.8eb7644f7404765e.js",
        "/index.html",
        "/main.36078f4ab129c1d4.js",
        "/manifest.webmanifest",
        "/polyfills-core-js.70b06653380adcc1.js",
        "/polyfills-dom.8469d955fb8c8c4b.js",
        "/polyfills.8e5d9f6000cb75f2.js",
        "/runtime.40460fe1f9a4e37a.js",
        "/styles.3ab43fe8d0a7750f.css"
      ],
      "patterns": []
    },
    {
      "name": "assets",
      "installMode": "lazy",
      "updateMode": "prefetch",
      "cacheQueryOptions": {
        "ignoreVary": true
      },
      "urls": [
        "/assets/font/arial-unicode-ms.ttf",
        "/assets/icon/favicon.png",
        "/assets/icons/icon-128x128.png",
        "/assets/icons/icon-144x144.png",
        "/assets/icons/icon-152x152.png",
        "/assets/icons/icon-192x192.png",
        "/assets/icons/icon-384x384.png",
        "/assets/icons/icon-512x512.png",
        "/assets/icons/icon-72x72.png",
        "/assets/icons/icon-96x96.png",
        "/assets/imgs/logo.png",
        "/assets/imgs/tuk.jpg",
        "/assets/shapes.svg"
      ],
      "patterns": []
    }
  ],
  "dataGroups": [],
  "hashTable": {
    "/1033.e69984de80a3de55.js": "7b047bcb0adb4f60f6487cb967c4a276bc4c2fda",
    "/1118.bfeeebdf8378de4d.js": "799da504e1c57f480be97bf47f2723386512b198",
    "/1174.5e62bf18805ab222.js": "df6109cae2d9e26da8b1d3f49199f93029cef887",
    "/1209.849f0285aef89c47.js": "3fc9ad8ed114379353ac773c447c762ccd3080e8",
    "/1212.bfe3fa7ae2d445e1.js": "bcdd254635c5e8a2b90b5308762d3ee7dd70bd57",
    "/1217.9ebd26c43ab6c6b4.js": "18c08aceca68ac3d369bf0644fdc590a2fd52070",
    "/1403.419d354f353aa4a6.js": "44df078f50046a6f9ce2512687c46e3b5ea374dc",
    "/1450.ea087f1415676dcc.js": "b6b7e4eef0c220ec81efd5144d6769eb6250e9d2",
    "/1460.560364468915a0fe.js": "9596f4c73174ad77647b3a3cba340cf348986827",
    "/1536.1e2ba4c94c571fc4.js": "e0c7a1cef35dc3cbf1f3c4e80c726031a02e4264",
    "/1594.fca73372f4291772.js": "008ef9f443efd135a25e70a43a007ad11532ba3a",
    "/160.fe9a61b7c7015a89.js": "eb9e44c50feecf36e1fce6fafa920309c6d65e96",
    "/1650.06cde34f64747690.js": "2c3edaab0499cf259afdbf783986d8b068dc0df0",
    "/1709.6f550a08913902b2.js": "e0356b71c441ecb8f9102bf0a14ca73ecd2f0e36",
    "/1729.587ede8dd68ac1f8.js": "89ee6bd810ee46dc33a0d01acecc10292b1d4aba",
    "/1820.bf68995e946b30f4.js": "f6a48707ab56df2d0be8eba37e30652005d5c436",
    "/184.a737ce97ed3cd4ee.js": "64c9ea56c805bb86a7587a2962bfb748e89c4118",
    "/1910.76892f890d8a34e5.js": "f10fa20c12ff718f0e8d6299becc2516fa2cb47a",
    "/2073.5d96bd40717d8fe0.js": "a26d849a5e8da3debee79f6718bda8f0ecf1ec74",
    "/2138.d62a360e42189400.js": "ba3157cbce121ee76de29b07509ff7e352ec2c47",
    "/2289.e7112951ebf9ab60.js": "c2b39f221e7c3bb380de7c5f80a52b4779a0c391",
    "/234.34110b0e8e9656ad.js": "845c2e5759ce5a47612555419dbc66abd34f28c0",
    "/2349.1be1bc84a4035a5e.js": "d888ab373c158b2378ade1e9b6bdbdd3cf36b6b0",
    "/2363.cd62f478abf77c0c.js": "9bddfdf9db2d53fd1ae87b2a33c20e93b6d56d68",
    "/2442.bef69e5b55a31f3f.js": "b9933bee80557d578e32a692e6c98592759e9412",
    "/2598.4db191ce7ec669ee.js": "97337522dc3a45e7b85712dd56c4fefd0a7b5ba0",
    "/2615.5a14a2f7b9ebb07b.js": "6d27f03e57025fa48c8db9a8c53faf2dd5128c42",
    "/2630.42e4116edc1f1e08.js": "973500b54f784835daddd9fcdb57cec1a9d1bee7",
    "/2698.7a2b1ee141000e5e.js": "00ef5b58c2b65bf7837edca47345ac925bc2f28d",
    "/2735.4c3a0da6f8290627.js": "9e0b4fd987f47ada19c6a553c867c8eeb0bf7aaa",
    "/2746.92ea607d6200b71f.js": "76d8f4699528ca89d2f983759f09b3c3d73db3a7",
    "/2753.cbfa8adfd100cbd7.js": "39947c98298e443995148515998cd83d96a46d05",
    "/2773.821446a00e71e612.js": "4c8232a15d517a2f9b61162f1ae8e059b9f426c6",
    "/2838.c6d06ce77af6ee03.js": "b19ed8a3052ee42b7dd826132150ee36d54c3ce2",
    "/2933.d0d9e34ba36c52fe.js": "37d7aea0e53c534e48c12ae82fda115c280ae5e6",
    "/2987.d793cd6e7db1a689.js": "3de5149fa8c97df612724697b5f1c13a0a0f75ec",
    "/3064.d4ed89687c6a1acd.js": "bde8604fdb00f37547496472d2952f9b10112f40",
    "/317.34b22043a3a64895.js": "3b3d0dd14e0e9af4448fb7a8e8064f9caf507b14",
    "/3277.5844175db5eb7386.js": "a7b5bbd421a5e7dbbe7b8bc801482d8fa62c284b",
    "/3326.c65eb7be06adf7aa.js": "9b72acf38c025be40e93c21cfb01926577bd4301",
    "/3510.97f592e8a5376b9c.js": "02151b008d97407e09f7b5cdd70bfe641eef7e29",
    "/3527.a5923051564299ae.js": "307c8e6731020f28ffe63d3c047df2d20650061f",
    "/3583.649a547f9c299162.js": "b4de866b343d659822b7dfc57747b2952621ecb0",
    "/3648.f213c510e83fc25b.js": "f9b3b8659f86ffe93030b6a683b1a7d63cc0c9ee",
    "/3671.6e41e2a11820cc53.js": "f6a1ac62d5cf399e141c126d68e8a43070224462",
    "/3802.256c607153c1ac1e.js": "41737dc229484a08165785a11f3bc82225c2e6bf",
    "/3804.64b925c08d790490.js": "ed011a08d79b465013c3edd283663ebc489a5917",
    "/3822.4a4cd5d6fdc43e93.js": "bbe7e1b93dba0ac6aa629719fbead1fa9beaa461",
    "/388.880fc0543193b768.js": "2eb462fa9106195e0e77e88ab5a4ee6a847ef8c7",
    "/4022.0c1e76b3364b138a.js": "bbd4ec1e1e387c496977b38c66173a0a130bc478",
    "/4174.14a0f01ef4672104.js": "fe3de5e0a400dc2f2f01080e7bc80ab427a80156",
    "/4235.275f947fd87aba42.js": "856436edf2ba720d74062beeb89ca5f2e2f25523",
    "/4330.da69711e0a8d6130.js": "f8291a7e929e6ffc3d07329318c9024a5d1d32fe",
    "/4376.98dd76caa29bce75.js": "43067e8373d25602f9d048b1308bcc6af4e3aaa7",
    "/438.40265591895297c9.js": "0c8040117ad94057abce73772bf685a456399440",
    "/443.9965e7e79eef1555.js": "9dead1b40705e824f0f1173ebd419d3afaac5194",
    "/4432.59fcdfae9496c7ea.js": "239673a75a18f76a80f43d9d0850c28c305a5526",
    "/4441.3d45ef583cc103c0.js": "b041f54aabd3788dc702fa2275c019cfd76057f5",
    "/451.558756591635aab9.js": "37bfc351802a8cc77ad7fcc7b97b62d59ca9af1d",
    "/4535.2f0fee356b722079.js": "c27a5333aae4de1f33e1155f734c7092fc9fc1d4",
    "/4594.408e68e99d65c36f.js": "c9b2800694c251e0ea67c79d366d8899f91d9864",
    "/4711.c170d29fca006e24.js": "a788d9a3817eae72c7c831dc0a6d0a281dd7b06b",
    "/4726.763e95e1dc577421.js": "4a6815323d34828c7e3eaf96e7232b704fd9cdfa",
    "/4753.dc53a574b6a37556.js": "ba403193f840044e8176cf9c8c8f0a738b739306",
    "/4811.ccbe52bcfa0f086b.js": "591af649975ed91ca5cfed3b62ae872d969ed0be",
    "/486.0dd65fcf1ca6ec97.js": "c95878b48d2820ca31749c67bfa42fd9fbbe4108",
    "/4908.e5f40d5f56058211.js": "a495a91fad13a6bb1ebf5ac67c7a32f229679415",
    "/4959.173379f1a86cc58b.js": "af785b17858cf2bd3b515bbb8a1cee1d1625c318",
    "/4987.ed427959a9706976.js": "2c0748aa20db81fb5968becf944e8c0e7fe0f01d",
    "/5158.0169447bd609352a.js": "0d8d16fe87efe15371b5ef2edcada4bb07f25af8",
    "/5168.e1039cc2b4f1af97.js": "ec4bbf089cbd7864777cee4ba1c4d4b143407002",
    "/5169.ef74841c98852d6e.js": "e957c9b6d2d5486ae0ef04a4c16ab6e1c9ff0ca6",
    "/53.b7dfbbda223335dd.js": "f4f63132163ddbafd80886360f7f84b42d448837",
    "/5319.4d90fd04b21811d5.js": "703b4b91248be489407c4a06b9817d6bd37dffac",
    "/5349.47beb7b23bd58832.js": "85ffc4b4ef950f4b75903b5ae4d3cdadd98ef8c4",
    "/5362.9e9701ed10dc537d.js": "d1a0362ef742f20f1aba6cc130ec9490727666b4",
    "/5439.3a36299e0aa44923.js": "f8987b10c8d7b84f018813804afa5ed419966181",
    "/5506.30818300e4fa153f.js": "e5eb5e3463b2670d341410133a63701bb774dca1",
    "/5652.b55c2d2e63f26d5b.js": "b57482fd117ee05c77db277c53591c5f246e8ecf",
    "/574.6db07f263e679b73.js": "e37387ec120ce0b6cb114224ad1a5baf5b822cc2",
    "/5836.1c813509924fbd8b.js": "c2fd730e997005d47546569301d333dbe74a5c9c",
    "/5927.f6ebcacecb522531.js": "8d5b3b1f787d7204927e7672c823090059f6ce4e",
    "/605.18a80a4cfe8d06b1.js": "68776064a2daf8bf5c7cd52fef2a42a6092868ca",
    "/6070.3d7644ac6f58a22c.js": "51177e9b58fa19829c8967e630abdbf9440bdb47",
    "/6120.1cc6b321a282c1ac.js": "1fbf2e9672442854ee1d41e077a9062e03201903",
    "/6489.81bafaa693437ad6.js": "e7bdff6e48cf4adba092a0b7a13f7eb7e1305fe5",
    "/6495.f37574946d654241.js": "023667c10636a79404da7d0b1bbf9c1e52a7b503",
    "/6560.35f147ebc3a6f8e6.js": "12cd560ce9638532152c03bb98bb113bf7b301a9",
    "/657.c6c3e933d64a7e3e.js": "bdd284196be1433b27b057ce0a49026efe71dd38",
    "/6691.3a66fa9a6776ef82.js": "e5cb1341d153f30ec44a2770e9604a59d28db0bb",
    "/6708.92806419e88fe0c1.js": "19b7f164bcb2ed25d3e1d2f92f7d07a4b2614c08",
    "/6869.603fc56111b9a3a2.js": "b0cc1553196bcd559ad4dc67a04306674b5dc301",
    "/7158.9878823fef3898eb.js": "1a372ad15ac8772ffac5ad704c0d28f2109bab2d",
    "/7183.e58cbff2f63df3ed.js": "7561e27913e623b40b54545535019fc6d16154ad",
    "/725.a7ae95f875ec6eb5.js": "b13933ab6a9dc2a395886cc0f6a7751b0afb0cf3",
    "/7329.a72b99124d682226.js": "a8df844303b9381dba7a6cb6307d4a4e5d06f1eb",
    "/7479.417878eac0e524db.js": "4e27a4233af97758095b3e83f5e875d99c3c8380",
    "/75.30dfcf7f25769f50.js": "2a3db5701ded60a7d9a4ac84c98af7f7349c4650",
    "/7544.46fa12c60fb042e6.js": "3f7ab90324daad5e99d7f3288b44b630fe653060",
    "/7602.545ed4ece37787e2.js": "c5c97dae9fe4362fcc5ba303880e64eec4f61d9b",
    "/7692.fbbae499fd34d2dc.js": "3671ac4d85468b3f913ef88f20242e5e5c4ce9f7",
    "/7696.c0a8f89cb6595d53.js": "fc5fe1097e08ba41946ebf1a8808c797a956a54d",
    "/7793.8a1d66789179af3f.js": "86b147859fd3bdff319e82f3ffc3af24d612bc03",
    "/7802.1efbd1a7c432736d.js": "7969eec90d73c00d41ce5389542c54a5d482fe49",
    "/7832.93315194abce0a75.js": "69cc7c0ed41378d121327d7494a3b4d8061b38dc",
    "/7929.e0ef421a3d4d0ca3.js": "1d7fc2ccbc517373127d73409fcaaa6449d3b6b0",
    "/7943.2fca51c0e4e70e56.js": "daadd24a6bac8504b329d02e1f5612ddeeec48a1",
    "/8034.0d48927756d03af6.js": "8f9caa4817304dafa2ad88afce036e28ddd6cf76",
    "/811.c48c6e5beb942ee6.js": "ff5aab2cfce90012dbff611d2ae96b9684025a43",
    "/8136.31f9a8abe09315b2.js": "d1a20885671e0e913dc29d2f107d7451dc36761a",
    "/8148.1a0a6354a75dbc0a.js": "0d8227e514b98558e321cad0bd470283f1325470",
    "/816.00e76119f51f1cb3.js": "b2e77df094b0c3e8c1cbfe9514155e08043e682f",
    "/8624.e3d193471db7ecc5.js": "3c947d3dd62704e2cba975ab8bd25912ea9d9e31",
    "/8628.edc4a14436108695.js": "a76e9fbeb3f7db557c85fb7066dd004c708ea5f1",
    "/8709.8560c4fbba1fea1f.js": "baa23bf3bdf33141a734e91e896f01980fe481eb",
    "/8729.12b8d7dd44458fdf.js": "bc315fc3c76bfc791246713a3b5964900402df41",
    "/8798.c28801b962e95299.js": "c00e358262a6ba37539c3fccf5d47c1d484f9bdd",
    "/8939.6b413f0af8621f0e.js": "6df4861d1b241fbdf487ad59a684a53a19fb8f15",
    "/9016.3520fdae184b944b.js": "30eb50dc7c99e56f2d8b01a1e082e8e69685b28f",
    "/9079.22e47b6c52b59418.js": "88ad43db027aa41442b6a6db698cb50bdd72eddf",
    "/9116.7887fd47d9436f5c.js": "a18bab39014dac5ada50ed5f45c4cefe32c1a990",
    "/9289.6e4c8cff50db1a6a.js": "89774faa6ff8208893264fb49e241da0b9da92b0",
    "/9325.1d47a59d7e927653.js": "b8066d0f5f375c43dc25ea237a1149fcce6dee06",
    "/935.c010926c59429f80.js": "6be1c654d2b2fc12f2da486f61eb31da8037a7d3",
    "/9434.20abd2f747d7431c.js": "2d31a1b877530a3fdd1ddc6ee82d8a4a2287de0b",
    "/9536.5f3932330ff9404b.js": "95b8c06f6eb0c3483103746adf4c55f428310abb",
    "/9600.9bd182762b7f0901.js": "66f9e46f6c93ec64a725bbf5079b0494062bd2fa",
    "/9654.0689795b4939894b.js": "212597f36aec4649863acaf7c8b5f64a6b45d7e8",
    "/9755.42c55a49966e5cf6.js": "d2640f34163982501cf85e5d2af9529d313f6b70",
    "/9824.8869dcf3725b04a2.js": "34e490bf9eb5f89a61a26ee6e235bdf3700bbdff",
    "/9830.cc2698f584de99cd.js": "245a438399818a9f51f01b399ef75d35937b20a0",
    "/9922.5cb98afb79100ee7.js": "d10fb4faae95a0c0cceda05fb8d16c22c16335db",
    "/9958.75d388b1910973d2.js": "4ad6c6e0668ae71dcc370aec867082aeaabb702b",
    "/9972.c3e3dbf18efd82e8.js": "78ef4efb02136308c4adfbab8d5f93f4cc84f8c5",
    "/assets/font/arial-unicode-ms.ttf": "22304b8546d594e3f184623645639093667de2bd",
    "/assets/icon/favicon.png": "7798b8e0eb61d7375c245af78bbf5c916932bf13",
    "/assets/icons/icon-128x128.png": "dae3b6ed49bdaf4327b92531d4b5b4a5d30c7532",
    "/assets/icons/icon-144x144.png": "b0bd89982e08f9bd2b642928f5391915b74799a7",
    "/assets/icons/icon-152x152.png": "7479a9477815dfd9668d60f8b3b2fba709b91310",
    "/assets/icons/icon-192x192.png": "1abd80d431a237a853ce38147d8c63752f10933b",
    "/assets/icons/icon-384x384.png": "329749cd6393768d3131ed6304c136b1ca05f2fd",
    "/assets/icons/icon-512x512.png": "559d9c4318b45a1f2b10596bbb4c960fe521dbcc",
    "/assets/icons/icon-72x72.png": "c457e56089a36952cd67156f9996bc4ce54a5ed9",
    "/assets/icons/icon-96x96.png": "3914125a4b445bf111c5627875fc190f560daa41",
    "/assets/imgs/logo.png": "ff6de6c24e5906387ce2ad651c8aeba5d41b1d35",
    "/assets/imgs/tuk.jpg": "fe6bb06c90cc8191257b969392be95b9e338f389",
    "/assets/shapes.svg": "5413e95adabcb2cb639970051f55e0ddb64ace53",
    "/common.8eb7644f7404765e.js": "4454230a9b13ab7e4ce9f408d0f1230fc61c65d4",
    "/index.html": "2f5249a37144cb820fe623ff43ed43b4046240a5",
    "/main.36078f4ab129c1d4.js": "c8cc89758436aeefcda7105efe11ba04e430ad1f",
    "/manifest.webmanifest": "9a088b7c4339228d1082e666ce105dc889bc180c",
    "/polyfills-core-js.70b06653380adcc1.js": "146f34fece2ce767bdd512cb534530a581ee1e6e",
    "/polyfills-dom.8469d955fb8c8c4b.js": "220b8952b68c4437c43e7b7f0b4f839bcc241f6b",
    "/polyfills.8e5d9f6000cb75f2.js": "7d9073176b55abb1ec1393790e13c48bf375b4c6",
    "/runtime.40460fe1f9a4e37a.js": "297660376131cf7993331c67e2291e5767b1bb87",
    "/styles.3ab43fe8d0a7750f.css": "628f06fb67bfbf395b30581fbd0fb8dd238eb082"
  },
  "navigationUrls": [
    {
      "positive": true,
      "regex": "^\\/.*$"
    },
    {
      "positive": false,
      "regex": "^\\/(?:.+\\/)?[^/]*\\.[^/]*$"
    },
    {
      "positive": false,
      "regex": "^\\/(?:.+\\/)?[^/]*__[^/]*$"
    },
    {
      "positive": false,
      "regex": "^\\/(?:.+\\/)?[^/]*__[^/]*\\/.*$"
    }
  ],
  "navigationRequestStrategy": "performance"
}